DATE,NUMARTS,COUNTS,THEMES,LOCATIONS,PERSONS,ORGANIZATIONS,TONE,CAMEOEVENTIDS,SOURCES,SOURCEURLS
20190701,1,,,"1#Germany#GM#GM#51.5#10.5#GM;1#Italy#IT#IT#42.833333#12.833333#IT;1#South Africa#SF#SF#-30#26#SF;4#Johannesburg, Gauteng, South Africa#SF#SF06#-26.2#28.0833#-1240261;1#Nigeria#NI#NI#10#8#NI;1#Egypt#EG#EG#27#30#EG;1#Morocco#MO#MO#32#-5#MO",,wordpress,"1.92307692307692,3.2967032967033,1.37362637362637,4.67032967032967,21.2912087912088,1.23626373626374",,namehero.com,https://www.namehero.com/startup/you-probably-dont-need-a-cdn-other-than-cloudflare/
20190701,1,,EPU_ECONOMY_HISTORIC;TAX_FNCACT;TAX_FNCACT_GUIDE;WB_678_DIGITAL_GOVERNMENT;WB_2944_SERVERS;WB_671_STORAGE_MANAGEMENT;WB_667_ICT_INFRASTRUCTURE;WB_672_NETWORK_MANAGEMENT;WB_133_INFORMATION_AND_COMMUNICATION_TECHNOLOGIES;MEDIA_SOCIAL;TAX_ECON_PRICE;,"1#Lithuania#LH#LH#56#24#LH;1#United Kingdom#UK#UK#54#-4#UK;2#Utah, United States#US#USUT#40.1135#-111.854#UT",bluehost bluehost;hostinger hostinger;godaddy godaddy;cloudflare ddo,google;microsoft office;wordpress;endurance international group,"3.99673735725938,5.573681348559,1.57694399129962,7.15062533985862,23.436650353453,3.07232191408374",,techradar.com,https://www.techradar.com/best/best-website-hosting-service
20190702,1,AFFECT#2000#popular websites#1#United States#US#US#39.828175#-98.5795#US;,AFFECT;TAX_ETHNICITY;TAX_ETHNICITY_AMERICAN;EPU_ECONOMY_HISTORIC;SHORTAGE;TAX_FNCACT;TAX_FNCACT_PRINCE;TAX_FNCACT_CHIEF;TAX_FNCACT_EXECUTIVE;TAX_FNCACT_CHIEF_EXECUTIVE;TRAFFIC;WB_678_DIGITAL_GOVERNMENT;WB_2944_SERVERS;WB_671_STORAGE_MANAGEMENT;WB_667_ICT_INFRASTRUCTURE;WB_672_NETWORK_MANAGEMENT;WB_133_INFORMATION_AND_COMMUNICATION_TECHNOLOGIES;ECON_BITCOIN;TAX_ECON_PRICE;TAX_FNCACT_SPOKESPERSON;,1#United States#US#US#39.828175#-98.5795#US,,,"-1.43540669856459,3.82775119617225,5.26315789473684,9.09090909090909,17.7033492822967,0.956937799043062",,sky.com,https://news.sky.com/story/cloudflare-down-thousands-of-popular-websites-affected-by-brief-outage-11755312
20190702,1,,TAX_FNCACT;TAX_FNCACT_CEO;TAX_FNCACT_PRINCE;MEDIA_SOCIAL;,"3#Miami, Florida, United States#US#USFL#25.7743#-80.1937#295004;1#Serbia#RI#RI#44#21#RI;2#New York, United States#US#USNY#42.1497#-74.9384#NY;1#Australia#AS#AS#-25#135#AS;1#Brazil#BR#BR#-10#-55#BR;4#Riyadh, Ar Riya?, Saudi Arabia#SA#SA10#24.6408#46.7728#-3093009;4#Belgrade, Serbia (General), #RB#RB00#44.8186#20.4681#-74897;3#Denver, Colorado, United States#US#USCO#39.7392#-104.985#201738;1#Pakistan#PK#PK#30#70#PK;1#India#IN#IN#20#77#IN;4#Mumbai, Maharashtra, India#IN#IN16#18.975#72.8258#-2092174;4#Rio De Janeiro, Estado Do Rio, Brazil#BR#BR21#-22.9#-43.2333#-666610;1#Iraq#IZ#IZ#33#44#IZ;4#Baghdad, Baghdad, Iraq#IZ#IZ07#33.3386#44.3939#-3103581;1#Saudi Arabia#SA#SA#25#45#SA;4#Perth, Western Australia, Australia#AS#AS08#-31.9333#115.833#-1594675;3#Houston, Texas, United States#US#USTX#29.7633#-95.3633#1380948;3#Dallas, Texas, United States#US#USTX#32.7831#-96.8067#1380944;4#Chennai, Tamil Nadu, India#IN#IN25#13.0833#80.2833#-2103041;4#Karachi, Sindh, Pakistan#PK#PK05#24.8667#67.05#-2764584",los angeles,twitter,"-1.27226463104326,1.78117048346056,3.05343511450382,4.83460559796438,22.64631043257,0.508905852417303",856516283,crn.com,https://www.crn.com/news/security/-major-cloudflare-outage-briefly-knocks-much-of-internet-offline
20190702,1,,,"2#New York, United States#US#USNY#42.1497#-74.9384#NY",,gerrit de vynck bloomberg cloudflare inc;cloudflare inc,"-2.29885057471264,1.14942528735632,3.44827586206897,4.59770114942529,21.8390804597701,0",,datacenterknowledge.com,https://www.datacenterknowledge.com:443/uptime/net-defender-cloudflare-goes-down-taking-many-websites-it
20190702,1,,CRISISLEX_CRISISLEXREC;CYBER_ATTACK;WB_678_DIGITAL_GOVERNMENT;WB_2944_SERVERS;WB_671_STORAGE_MANAGEMENT;WB_667_ICT_INFRASTRUCTURE;WB_672_NETWORK_MANAGEMENT;WB_133_INFORMATION_AND_COMMUNICATION_TECHNOLOGIES;TAX_FNCACT;TAX_FNCACT_CEO;TAX_FNCACT_PRINCE;AFFECT;TAX_ECON_PRICE;TAX_FNCACT_TECHNICIANS;EPU_ECONOMY_HISTORIC;TRAFFIC;SOC_EXPRESSREGRET;USPEC_POLICY1;EXTREMISM;TRANSPARENCY;UNGP_FORESTS_RIVERS_OCEANS;,"1#United States#US#US#39.828175#-98.5795#US;4#London, London, City Of, United Kingdom#UK#UKH9#51.5#-0.116667#-2601889",,,"-5.71428571428571,1.2987012987013,7.01298701298701,8.31168831168831,25.4545454545455,2.33766233766234",856415869,techspot.com,https://www.techspot.com/news/80775-bug-firewall-systems-took-cloudflare-customers-offline.html
20190702,1,,SHORTAGE;CRISISLEX_T01_CAUTION_ADVICE;AFFECT;EPU_ECONOMY_HISTORIC;MEDIA_SOCIAL;CRISISLEX_CRISISLEXREC;CYBER_ATTACK;TAX_FNCACT;TAX_FNCACT_CEO;TAX_FNCACT_PRINCE;UNGP_FORESTS_RIVERS_OCEANS;WB_678_DIGITAL_GOVERNMENT;WB_2944_SERVERS;WB_671_STORAGE_MANAGEMENT;WB_667_ICT_INFRASTRUCTURE;WB_672_NETWORK_MANAGEMENT;WB_133_INFORMATION_AND_COMMUNICATION_TECHNOLOGIES;EXTREMISM;TRANSPARENCY;TAX_WORLDMAMMALS;TAX_WORLDMAMMALS_HUMAN;WB_669_SOFTWARE_INFRASTRUCTURE;WB_2945_DATABASE;ECON_ELECTRICALGRID;TAX_FNCACT_COLUMNISTS;,1#China#CH#CH#35#105#CH,,,"-1.83908045977012,2.18390804597701,4.02298850574713,6.20689655172414,23.9080459770115,3.2183908045977","856350871,856549872,856362882,856362329,856350871",inc.com,https://www.inc.com/jason-aten/cloudflare-outage-takes-down-internet-for-second-time-in-a-week-heres-how-companys-ceo-responded.html
20190702,1,,WB_678_DIGITAL_GOVERNMENT;WB_694_BROADCAST_AND_MEDIA;WB_133_INFORMATION_AND_COMMUNICATION_TECHNOLOGIES;UNGP_FORESTS_RIVERS_OCEANS;TAX_FNCACT;TAX_FNCACT_CEO;TAX_FNCACT_PRINCE;CRISISLEX_CRISISLEXREC;SHORTAGE;AFFECT;EPU_ECONOMY_HISTORIC;MEDIA_SOCIAL;ECON_BITCOIN;WB_698_TRADE;WB_135_TRANSPORT;WB_1174_WAREHOUSING_AND_STORAGE;WB_793_TRANSPORT_AND_LOGISTICS_SERVICES;,1#United States#US#US#39.828175#-98.5795#US,,soundcloud,"-5.66037735849057,1.57232704402516,7.23270440251572,8.80503144654088,25.1572327044025,0.943396226415094",,techcentral.co.za,https://techcentral.co.za/cloudflare-outage-leads-to-internet-disruption/90731/
20190702,1,"PROTEST#26##4#Seoul, Soul-t'ukpyolsi, South Korea#KS#KS11#37.5664#127#-716583;STRIKE#26##4#Seoul, Soul-t'ukpyolsi, South Korea#KS#KS11#37.5664#127#-716583;PROTEST#26##4#Seoul, Soul-t'ukpyolsi, South Korea#KS#KS11#37.5664#127#-716583;STRIKE#26##4#Seoul, Soul-t'ukpyolsi, South Korea#KS#KS11#37.5664#127#-716583;",ECON_BITCOIN;AFFECT;WB_135_TRANSPORT;WB_1174_WAREHOUSING_AND_STORAGE;WB_793_TRANSPORT_AND_LOGISTICS_SERVICES;DELAY;WB_286_TELECOMMUNICATIONS_AND_BROADBAND_ACCESS;WB_2120_SATELLITES;WB_2329_ACCESS_AND_CONNECTIVITY;WB_133_INFORMATION_AND_COMMUNICATION_TECHNOLOGIES;CRISISLEX_CRISISLEXREC;MANMADE_DISASTER_IMPLIED;TAX_FNCACT;TAX_FNCACT_WOMAN;KILL;CRISISLEX_T03_DEAD;TAX_ETHNICITY;TAX_ETHNICITY_INDIAN;TAX_FNCACT_ENGINEERS;TAX_WORLDMAMMALS;TAX_WORLDMAMMALS_BEARS;PROTEST;STRIKE;TAX_ETHNICITY_KOREAN;TAX_WORLDLANGUAGES;TAX_WORLDLANGUAGES_KOREAN;EDUCATION;SOC_POINTSOFINTEREST;SOC_POINTSOFINTEREST_UNIVERSITY;TAX_FNCACT_SAXOPHONIST;TAX_FNCACT_PROFESSOR;WB_1803_TRANSPORT_INFRASTRUCTURE;WB_166_RAILWAYS;CRISISLEX_C04_LOGISTICS_TRANSPORT;TAX_WORLDMAMMALS_PANDA;TAX_WORLDMAMMALS_GIANT_PANDA;TAX_FNCACT_MAN;EPU_ECONOMY_HISTORIC;TAX_WORLDMAMMALS_HUMANS;DRONES;CRISISLEX_C07_SAFETY;TAX_WORLDMAMMALS_JAGUAR;TAX_FNCACT_CEO;TAX_FNCACT_PRINCE;MEDIA_SOCIAL;,"4#Chengdu, Sichuan, China#CH#CH32#30.6667#104.067#-1900349;1#Japan#JA#JA#36#138#JA;4#Tokyo, Tokyo, Japan#JA#JA40#35.685#139.751#-246227;4#Waseda, Niigata, Japan#JA#JA29#38.3#139.55#-247897;4#Tel Aviv, Tel Aviv, Israel#IS#IS05#32.0667#34.7667#-781545;1#China#CH#CH#35#105#CH;4#Beijing, Beijing, China#CH#CH22#39.9289#116.388#-1898541;2#California, United States#US#USCA#36.17#-119.746#CA;4#Bangalore, Karnataka, India#IN#IN19#12.9833#77.5833#-2090174;4#South Kensington, Kensington And Chelsea, United Kingdom#UK#UKG4#51.4833#-0.166667#-2608257;4#London, London, City Of, United Kingdom#UK#UKH9#51.5#-0.116667#-2601889;4#Guangzhou, Guangdong, China#CH#CH30#23.1167#113.25#-1907161;2#Arizona, United States#US#USAZ#33.7712#-111.388#AZ;4#Seoul, Soul-T'ukpyolsi, South Korea#KS#KS11#37.5664#127#-716583;1#India#IN#IN#20#77#IN;3#Tempe, Arizona, United States#US#USAZ#33.4148#-111.909#12233;1#Israel#IS#IS#31.5#34.75#IS;1#South Korea#KS#KS#37#127.5#KS;3#Los Angeles, California, United States#US#USCA#34.0522#-118.244#1662328;4#Sichuan, Gansu, China#CH#CH15#35.1221#105.48#10650455",kazuya kanemaru;wolfgang ziebart;los angeles;atsuo takanishi;shen haiyin,international automobile exhibition;hankook mirae technology in gunpo;design museum;toyota;twitter;art corp;samsung;elbit systems;waseda university,"-0.878638110928061,1.31795716639209,2.19659527732015,3.51455244371225,19.2202086765513,0.219659527732015",,independent.co.uk,https://www.independent.co.uk/life-style/gadgets-and-tech/news/discord-down-internet-not-working-cloudflare-cryptocurrency-a8984581.html
20190702,1,,CRISISLEX_C07_SAFETY;SECURITY_SERVICES;WB_696_PUBLIC_SECTOR_MANAGEMENT;WB_840_JUSTICE;WB_1934_CIVILLIAN_POLICE_AND_SECURITY_SERVICES;WB_1014_CRIMINAL_JUSTICE;WB_678_DIGITAL_GOVERNMENT;WB_2944_SERVERS;WB_671_STORAGE_MANAGEMENT;WB_667_ICT_INFRASTRUCTURE;WB_672_NETWORK_MANAGEMENT;WB_133_INFORMATION_AND_COMMUNICATION_TECHNOLOGIES;ECON_BITCOIN;WB_698_TRADE;CYBER_ATTACK;TAX_ETHNICITY;TAX_ETHNICITY_ASIAN;CRISISLEX_CRISISLEXREC;,1#Hong Kong#HK#HK#22.25#114.166667#HK,,cloud service providers;cloudflare network;delivery network,"-1.73410404624277,1.44508670520231,3.17919075144509,4.6242774566474,22.2543352601156,1.44508670520231",,coinspeaker.com,https://www.coinspeaker.com/bitfinexs-cloudflare-a-server-outage/
20190702,1,,CRISISLEX_CRISISLEXREC;CYBER_ATTACK;AFFECT;,1#Malaysia#MY#MY#2.5#112.5#MY,,,"-3.48837209302326,1.74418604651163,5.23255813953488,6.97674418604651,20.3488372093023,0",,soyacincau.com,https://www.soyacincau.com/2019/07/02/cloudflare-network-website-down-outages/
20190702,1,,,1#Malaysia#MY#MY#2.5#112.5#MY,,malaysian airlines,"-0.564971751412429,5.08474576271187,5.64971751412429,10.7344632768362,22.5988700564972,1.12994350282486",,lowyat.net,https://www.lowyat.net/2019/189052/cloudflare-outage-brings-down-thousands-of-sites-across-the-globe/
20190702,1,,,"2#New York, United States#US#USNY#42.1497#-74.9384#NY",tobi lutke,cloudflare inc,"-5.02092050209205,1.25523012552301,6.27615062761506,7.53138075313808,23.4309623430962,0",856576602,theedgemarkets.com,https://www.theedgemarkets.com/article/net-defender-cloudflare-goes-down-taking-many-websites-it
20190702,1,AFFECT#10##1#United States#US#US#39.828175#-98.5795#US;,AFFECT;SCIENCE;TAX_FNCACT;TAX_FNCACT_SCIENTIST;TAX_FNCACT_LEADERS;TAX_FNCACT_WOMEN;EPU_ECONOMY_HISTORIC;TAX_FNCACT_LEADER;TAX_FNCACT_INNOVATOR;SOC_INNOVATION;,"1#United States#US#US#39.828175#-98.5795#US;1#United Kingdom#UK#UK#54#-4#UK;4#London, London, City Of, United Kingdom#UK#UKH9#51.5#-0.116667#-2601889",noriko matsuoka;david hoyle,linkedin;office charles ewen;facebook,"1.68350168350168,3.03030303030303,1.34680134680135,4.37710437710438,20.8754208754209,1.34680134680135","856340946,856421354,856342177",computing.co.uk,https://www.computing.co.uk/ctg/news/3078306/cloudflare-outage-internet-down
20190702,1,,CRISISLEX_C07_SAFETY;TAX_FNCACT;TAX_FNCACT_CEO;TAX_FNCACT_PRINCE;TAX_FNCACT_DIPLOMAT;ECON_BITCOIN;WB_698_TRADE;CRISISLEX_CRISISLEXREC;CYBER_ATTACK;,1#United States#US#US#39.828175#-98.5795#US,,poloniex exchange;united states,"-1.12676056338028,2.8169014084507,3.94366197183099,6.76056338028169,25.0704225352113,1.40845070422535",856353141,thehill.com,https://thehill.com/policy/cybersecurity/451331-websites-go-down-worldwide-due-to-cloudflare-outage
20190702,1,AFFECT#2000#popular websites#1#United States#US#US#39.828175#-98.5795#US;AFFECT#2000#popular websites#1#United States#US#US#39.828175#-98.5795#US;,AFFECT;TAX_ETHNICITY;TAX_ETHNICITY_AMERICAN;EPU_ECONOMY_HISTORIC;SHORTAGE;TAX_FNCACT;TAX_FNCACT_PRINCE;TAX_FNCACT_CHIEF;TAX_FNCACT_EXECUTIVE;TAX_FNCACT_CHIEF_EXECUTIVE;TRAFFIC;WB_678_DIGITAL_GOVERNMENT;WB_2944_SERVERS;WB_671_STORAGE_MANAGEMENT;WB_667_ICT_INFRASTRUCTURE;WB_672_NETWORK_MANAGEMENT;WB_133_INFORMATION_AND_COMMUNICATION_TECHNOLOGIES;ECON_BITCOIN;TAX_ECON_PRICE;CRISISLEX_C07_SAFETY;CRISISLEX_CRISISLEXREC;CYBER_ATTACK;,1#United States#US#US#39.828175#-98.5795#US,,,"-2,3.66666666666667,5.66666666666667,9.33333333333333,19,1.66666666666667",,lbc.co.uk,https://www.lbc.co.uk/news/world/cloudflare-down-thousands-of-popular-websites/
20190702,1,AFFECT#30#users#1#Hong Kong#HK#HK#22.25#114.166667#HK;,TAX_FNCACT;TAX_FNCACT_CEO;TAX_FNCACT_PRINCE;CRISISLEX_T11_UPDATESSYMPATHY;SOC_POINTSOFINTEREST;SOC_POINTSOFINTEREST_AIRPORT;WB_135_TRANSPORT;WB_1803_TRANSPORT_INFRASTRUCTURE;WB_1804_AIRPORTS;INFO_RUMOR;CRISISLEX_CRISISLEXREC;WB_678_DIGITAL_GOVERNMENT;WB_694_BROADCAST_AND_MEDIA;WB_133_INFORMATION_AND_COMMUNICATION_TECHNOLOGIES;MEDIA_SOCIAL;WB_652_ICT_APPLICATIONS;WB_662_SOCIAL_MEDIA;WB_658_ENTERPRISE_APPLICATIONS;CYBER_ATTACK;TAX_ETHNICITY;TAX_ETHNICITY_CHINESE;TAX_WORLDLANGUAGES;TAX_WORLDLANGUAGES_CHINESE;GENERAL_GOVERNMENT;EPU_POLICY;EPU_POLICY_GOVERNMENT;PROTEST;AFFECT;SURVEILLANCE;SANCTIONS;UNGP_FORESTS_RIVERS_OCEANS;TRANSPARENCY;TAX_FNCACT_HACKER;WB_1817_CONGESTION;WB_162_TRANSPORT_ECONOMICS;MANMADE_DISASTER;MANMADE_DISASTER_SERVICE_DISRUPTION;SOC_SERVICEDISRUPTION;WB_2944_SERVERS;WB_671_STORAGE_MANAGEMENT;WB_667_ICT_INFRASTRUCTURE;WB_672_NETWORK_MANAGEMENT;WB_1458_HEALTH_PROMOTION_AND_DISEASE_PREVENTION;WB_1462_WATER_SANITATION_AND_HYGIENE;WB_635_PUBLIC_HEALTH;WB_621_HEALTH_NUTRITION_AND_POPULATION;,1#China#CH#CH#35#105#CH;1#Hong Kong#HK#HK#22.25#114.166667#HK;1#Iran#IR#IR#32#53#IR,alex henthorne-iwane,verizon,"-3.30578512396694,2.64462809917355,5.9504132231405,8.59504132231405,24.297520661157,3.88429752066116","856345506,856426453,856567028,856567141",datacenterdynamics.com,https://www.datacenterdynamics.com/analysis/cloudflare-ceo-talks-outage-was-entirely-our-problem-was-mistake-which-we-made/
20190702,1,,SHORTAGE;AFFECT;WB_678_DIGITAL_GOVERNMENT;WB_674_SHARED_INFRASTRUCTURE;WB_667_ICT_INFRASTRUCTURE;WB_676_CLOUD_COMPUTING;WB_133_INFORMATION_AND_COMMUNICATION_TECHNOLOGIES;TAX_FNCACT;TAX_FNCACT_CEO;TAX_FNCACT_PRINCE;ECON_BITCOIN;EPU_CATS_MIGRATION_FEAR_FEAR;TAX_ECON_PRICE;MEDIA_SOCIAL;CRISISLEX_CRISISLEXREC;SECURITY_SERVICES;TAX_FNCACT_POLICE;CRISISLEX_C07_SAFETY;CRISISLEX_T01_CAUTION_ADVICE;CRISISLEX_T04_INFRASTRUCTURE;SOC_EXPRESSREGRET;WB_694_BROADCAST_AND_MEDIA;WB_652_ICT_APPLICATIONS;WB_662_SOCIAL_MEDIA;WB_658_ENTERPRISE_APPLICATIONS;,"1#United States#US#US#39.828175#-98.5795#US;2#Oregon, United States#US#USOR#44.5672#-122.127#OR;2#Michigan, United States#US#USMI#43.3504#-84.5603#MI;2#Texas, United States#US#USTX#31.106#-97.6475#TX;3#Washington, Washington, United States#US#USDC#38.8951#-77.0364#531871",,instagram;soundcloud;pinterest,"-3.25670498084291,2.4904214559387,5.74712643678161,8.23754789272031,22.4137931034483,1.14942528735632",,digitaltrends.com,https://www.digitaltrends.com/news/cloudflare-att-outages-affect-discord-websites/
20190702,1,,TAX_FNCACT;TAX_FNCACT_CHIEF;TAX_MILITARY_TITLE;TAX_MILITARY_TITLE_OFFICER;TAX_FNCACT_OFFICER;TRAFFIC;MEDIA_SOCIAL;CRISISLEX_CRISISLEXREC;ARMEDCONFLICT;EPU_CATS_NATIONAL_SECURITY;AFFECT;BORDER;,"1#China#CH#CH#35#105#CH;2#Pennsylvania, United States#US#USPA#40.5773#-77.264#PA;1#Jordan#JO#JO#31#36#JO",john graham-cumming;cloudflare tom strickx;mike lorenz mike;kenn white;crymydyne crymydyne,verizon,"-3.48432055749129,0.348432055749129,3.83275261324042,4.18118466898955,22.6480836236934,1.74216027874564",,itwire.com,https://www.itwire.com/networking/botched-software-update-causes-cloudflare-outage.html
20190702,1,,ECON_BITCOIN;AFFECT;WB_698_TRADE;TAX_ETHNICITY;TAX_ETHNICITY_KOREAN;TAX_WORLDLANGUAGES;TAX_WORLDLANGUAGES_KOREAN;WB_566_ENVIRONMENT_AND_NATURAL_RESOURCES;WB_590_ECOSYSTEMS;UNGP_FORESTS_RIVERS_OCEANS;,1#South Korea#KS#KS#37#127.5#KS,,amazon web services,"-1.875,1.25,3.125,4.375,26.25,1.875",,thenextweb.com,https://thenextweb.com/hardfork/2019/07/02/cloudflare-down-cryptocurrency-coinbase-bitfinex-coinmarketcap-blockchain/
20190703,1,,WB_2432_FRAGILITY_CONFLICT_AND_VIOLENCE;WB_678_DIGITAL_GOVERNMENT;WB_694_BROADCAST_AND_MEDIA;WB_133_INFORMATION_AND_COMMUNICATION_TECHNOLOGIES;MEDIA_SOCIAL;WB_652_ICT_APPLICATIONS;WB_662_SOCIAL_MEDIA;WB_658_ENTERPRISE_APPLICATIONS;NATURAL_DISASTER;NATURAL_DISASTER_FLOODED;CRISISLEX_C06_WATER_SANITATION;AFFECT;TAX_FNCACT;TAX_FNCACT_CTO;CRISISLEX_CRISISLEXREC;CYBER_ATTACK;TAX_DISEASE;TAX_DISEASE_HEART_ATTACK;,"2#Pennsylvania, United States#US#USPA#40.5773#-77.264#PA;4#Dublin, Dublin, Ireland#EI#EI07#53.3331#-6.24889#-1502554",john graham-cumming,verizon,"-5.1219512195122,0.48780487804878,5.60975609756098,6.09756097560976,23.4146341463415,0.975609756097561",,siliconrepublic.com,https://www.siliconrepublic.com/enterprise/cloudflare-outage-502-bad-gateway-explained
20190703,1,KILL#82##1#Australia#AS#AS#-25#135#AS;,CRISISLEX_CRISISLEXREC;TAX_FNCACT;TAX_FNCACT_CHIEF;TAX_MILITARY_TITLE;TAX_MILITARY_TITLE_OFFICER;TAX_FNCACT_OFFICER;TAX_ETHNICITY;TAX_ETHNICITY_AUSTRALIAN;TAX_FNCACT_ENGINEERS;TRAFFIC;KILL;,1#Australia#AS#AS#-25#135#AS,john graham-cumming,,"-6.93877551020408,0.816326530612245,7.75510204081633,8.57142857142857,23.265306122449,0.408163265306122",,itnews.com.au,https://www.itnews.com.au/news/rogue-regex-trips-cloudflare-worldwide-527600
20190703,2,,,"1#Qatar#QA#QA#25.5#51.25#QA;4#Doha, Ad Daw?Ah, Qatar#QA#QA01#25.2867#51.5333#-785169;1#United States#US#US#39.828175#-98.5795#US",,instagram;verizon;twitter;facebook;cloudflare inc,"-4.89795918367347,1.22448979591837,6.12244897959184,7.34693877551021,22.8571428571429,0.408163265306122","856779395,856779395",thepeninsulaqatar.com;thepeninsulaqatar.com,"https://www.thepeninsulaqatar.com/article/03/07/2019/Facebook,-Instagram-and-WhatsApp-partially-down-across-the-globe-including-Qatar<UDIV>https://thepeninsulaqatar.com/article/03/07/2019/Facebook,-Instagram-and-WhatsApp-partially-down-across-the-globe-including-Qatar"
20190703,1,,,1#United States#US#US#39.828175#-98.5795#US,,shopify inc;dropbox inc;cloudflare inc;coinbase inc;soundcloud ltd,"-5.09554140127389,1.91082802547771,7.00636942675159,8.9171974522293,25.796178343949,0.955414012738854",,thepeninsulaqatar.com,"https://thepeninsulaqatar.com/article/03/07/2019/Net-defender-Cloudflare-%E2%80%98let-the-internet-down,%E2%80%99-CEO-says"
20190703,1,,TAX_FNCACT;TAX_FNCACT_CEO;TAX_FNCACT_PRINCE;CYBER_ATTACK;CRISISLEX_CRISISLEXREC;UNGP_FORESTS_RIVERS_OCEANS;TAX_FNCACT_VICTIM;MEDIA_SOCIAL;EPU_ECONOMY_HISTORIC;,1#United States#US#US#39.828175#-98.5795#US,,twitter;cloudflare network operations center,"-0.488997555012224,4.88997555012225,5.37897310513447,10.2689486552567,23.2273838630807,0.488997555012225","856608466,856623820",crn.com,https://www.crn.com/news/security/cloudflare-ceo-outage-stemmed-from-software-flaw-not-cyberattack
20190703,1,,,1#China#CH#CH#35#105#CH;1#Japan#JA#JA#36#138#JA;1#United States#US#US#39.828175#-98.5795#US,ergon informatik;zenedge qualys,akamai;services managed services;products of major companies;research study;financial services;sophos;united states;major companies list,"1.06044538706257,1.48462354188759,0.424178154825027,1.90880169671262,23.7539766702015,0.63626723223754",,ssuchronicle.com,https://www.ssuchronicle.com/2019/07/03/web-application-firewall-waf-market-major-technology-giants-in-buzz-again-imperva-akamai-barracuda-citrix-cloudflare-denyall/
20190703,1,,WB_678_DIGITAL_GOVERNMENT;WB_694_BROADCAST_AND_MEDIA;WB_133_INFORMATION_AND_COMMUNICATION_TECHNOLOGIES;UNGP_FORESTS_RIVERS_OCEANS;TAX_FNCACT;TAX_FNCACT_CHIEF;TAX_FNCACT_EXECUTIVE;TAX_FNCACT_CHIEF_EXECUTIVE;TAX_MILITARY_TITLE;TAX_MILITARY_TITLE_OFFICER;TAX_FNCACT_OFFICER;TAX_FNCACT_EXECUTIVE_OFFICER;TAX_FNCACT_CHIEF_EXECUTIVE_OFFICER;TAX_FNCACT_PRINCE;CRISISLEX_CRISISLEXREC;SHORTAGE;AFFECT;EPU_ECONOMY_HISTORIC;MEDIA_SOCIAL;ECON_BITCOIN;WB_698_TRADE;WB_135_TRANSPORT;WB_1174_WAREHOUSING_AND_STORAGE;WB_793_TRANSPORT_AND_LOGISTICS_SERVICES;,1#United States#US#US#39.828175#-98.5795#US,,bloomberg;shopify inc;dropbox inc;coinbase inc;cloudflare inc;soundcloud ltd,"-4.95356037151703,1.85758513931889,6.81114551083591,8.6687306501548,24.7678018575851,0.928792569659443",,thestar.com.my,https://www.thestar.com.my/tech/tech-news/2019/07/03/net-defender-cloudflare-let-the-internet-down-ceo-says/
20190703,1,,,1#China#CH#CH#35#105#CH;1#Japan#JA#JA#36#138#JA,,twitter;sony,"-1.51975683890577,2.12765957446809,3.64741641337386,5.77507598784195,17.629179331307,0.303951367781155","856750560,856750563,856750597,856750598,856679896,856751474",itbusiness.ca,https://www.itbusiness.ca/news/hashtag-trending-the-walkman-turns-40-cloudflare-outage-chinas-surveillance-campaign/111200
20190703,1,AFFECT#10##1#United States#US#US#39.828175#-98.5795#US;,MEDIA_SOCIAL;WB_678_DIGITAL_GOVERNMENT;WB_2944_SERVERS;WB_671_STORAGE_MANAGEMENT;WB_667_ICT_INFRASTRUCTURE;WB_672_NETWORK_MANAGEMENT;WB_133_INFORMATION_AND_COMMUNICATION_TECHNOLOGIES;TAX_DISEASE;TAX_DISEASE_RASH;UNGP_TRANSPORTATION_ROADS;KILL;AFFECT;CRISISLEX_C07_SAFETY;SECURITY_SERVICES;WB_696_PUBLIC_SECTOR_MANAGEMENT;WB_840_JUSTICE;WB_1934_CIVILLIAN_POLICE_AND_SECURITY_SERVICES;WB_1014_CRIMINAL_JUSTICE;CYBER_ATTACK;CRISISLEX_CRISISLEXREC;,1#United States#US#US#39.828175#-98.5795#US;1#United Kingdom#UK#UK#54#-4#UK,,linkedin;facebook,"-4.35413642960813,0.870827285921626,5.22496371552975,6.09579100145138,20.6095791001451,1.74165457184325",,computing.co.uk,https://www.computing.co.uk/ctg/news/3078306/cloudflare-outage
20190703,1,,TAX_DISEASE;TAX_DISEASE_PARALYSIS;WB_678_DIGITAL_GOVERNMENT;WB_2944_SERVERS;WB_671_STORAGE_MANAGEMENT;WB_667_ICT_INFRASTRUCTURE;WB_672_NETWORK_MANAGEMENT;WB_133_INFORMATION_AND_COMMUNICATION_TECHNOLOGIES;CRISISLEX_CRISISLEXREC;AFFECT;WB_694_BROADCAST_AND_MEDIA;MEDIA_SOCIAL;WB_652_ICT_APPLICATIONS;WB_662_SOCIAL_MEDIA;WB_658_ENTERPRISE_APPLICATIONS;TAX_FNCACT;TAX_FNCACT_CTO;TAX_FNCACT_CHIEF;TAX_MILITARY_TITLE;TAX_MILITARY_TITLE_OFFICER;TAX_FNCACT_OFFICER;EPU_POLICY;EPU_POLICY_POLITICAL;GENERAL_GOVERNMENT;EPU_POLICY_GOVERNMENT;TRIAL;TAX_FNCACT_AUTHORITIES;EPU_POLICY_AUTHORITIES;POLITICAL_TURMOIL;PROTEST;WB_2601_TRADE_LINKAGES_SPILLOVERS_AND_CONNECTIVITY;WB_772_TRADE_FACILITATION_AND_LOGISTICS;WB_699_URBAN_DEVELOPMENT;WB_866_CONNECTIVITY_AND_LAGGING_REGIONS;WB_698_TRADE;WB_797_NATIONAL_URBAN_POLICIES;CYBER_ATTACK;TAX_FNCACT_FOUNDER;,1#China#CH#CH#35#105#CH;1#Hong Kong#HK#HK#22.25#114.166667#HK,cloudflare john graham-cumming;pavel durov,hong kong golden forum;hong kong discuss forum,"-7.05882352941176,1.47058823529412,8.52941176470588,10,22.6470588235294,0.882352941176471","856691903,856691904",ejinsight.com,http://www.ejinsight.com/20190703-massive-internet-outage-traced-to-coudflare-glitch/
20190703,1,,,1#United States#US#US#39.828175#-98.5795#US,,bloomberg cloudflare inc;shopify inc;dropbox inc;coinbase inc;soundcloud ltd,"-5.04731861198738,1.89274447949527,6.94006309148265,8.83280757097792,25.5520504731861,0.946372239747634",,datacenterknowledge.com,https://www.datacenterknowledge.com:443/uptime/cloudflare-let-internet-down-ceo-says
20190703,1,"AFFECT#200##4#London, London, City Of, United Kingdom#UK#UKH9#51.5#-0.116667#-2601889;",CYBER_ATTACK;CRISISLEX_CRISISLEXREC;CRISISLEX_C07_SAFETY;MEDIA_SOCIAL;TAX_FNCACT;TAX_FNCACT_CHIEF;TAX_MILITARY_TITLE;TAX_MILITARY_TITLE_OFFICER;TAX_FNCACT_OFFICER;SHORTAGE;MANMADE_DISASTER_IMPLIED;MANMADE_DISASTER;MANMADE_DISASTER_POWER_OUTAGE;POWER_OUTAGE;CRISISLEX_T01_CAUTION_ADVICE;AFFECT;,"4#London, London, City Of, United Kingdom#UK#UKH9#51.5#-0.116667#-2601889",john graham-cumming,amazon web service,"-5.57620817843866,0.371747211895911,5.94795539033457,6.31970260223048,23.0483271375465,2.04460966542751","856617670,856697718",computerweekly.com,https://www.computerweekly.com/news/252466194/Cloudflare-outage-Firm-blames-global-website-outage-on-routine-software-update-gone-rogue
20190703,1,,TAX_FNCACT;TAX_FNCACT_CEO;TAX_FNCACT_PRINCE;MEDIA_SOCIAL;TRAFFIC;,1#Australia#AS#AS#-25#135#AS,,twitter,"-3.36538461538461,0.961538461538462,4.32692307692308,5.28846153846154,24.0384615384615,1.44230769230769",,crn.com.au,https://www.crn.com.au/news/cloudflare-outage-briefly-knocks-much-of-internet-offline-527590
20190703,1,,UNGP_FORESTS_RIVERS_OCEANS;AFFECT;TAX_FNCACT;TAX_FNCACT_CTO;MEDIA_SOCIAL;TAX_ETHNICITY;TAX_ETHNICITY_AUSTRALIANS;TRAFFIC;INFO_RUMOR;CYBER_ATTACK;CRISISLEX_CRISISLEXREC;EPU_ECONOMY_HISTORIC;TAX_FOODSTAPLES;TAX_FOODSTAPLES_EGGS;CRISISLEX_C07_SAFETY;USPEC_POLICY1;EPU_POLICY;EPU_POLICY_POLICY;TAX_FNCACT_MANAGER;,1#Australia#AS#AS#-25#135#AS;1#United States#US#US#39.828175#-98.5795#US,oxana vorobyeva dreamstime;john graham-cumming;asia pacific;matthew scully;gbps ddo,verizon;microsoft,"-2.11382113821138,1.46341463414634,3.57723577235772,5.04065040650407,21.3008130081301,1.30081300813008","856609647,856611165",cso.com.au,https://www.cso.com.au/article/663606/cloudflare-does-down-again-taking-it-websites-rely-it/
20190703,1,,CYBER_ATTACK;TAX_FNCACT;TAX_FNCACT_CULPRIT;CRISISLEX_C07_SAFETY;WB_678_DIGITAL_GOVERNMENT;WB_674_SHARED_INFRASTRUCTURE;WB_667_ICT_INFRASTRUCTURE;WB_676_CLOUD_COMPUTING;WB_133_INFORMATION_AND_COMMUNICATION_TECHNOLOGIES;TAX_FNCACT_CHIEF;TAX_MILITARY_TITLE;TAX_MILITARY_TITLE_OFFICER;TAX_FNCACT_OFFICER;AFFECT;MEDIA_SOCIAL;SHORTAGE;,"2#Pennsylvania, United States#US#USPA#40.5773#-77.264#PA;2#Virginia, United States#US#USVA#37.768#-78.2057#VA",sean gallup getty,google;youtube;verizon;amazon web services,"-3.85964912280702,0.701754385964912,4.56140350877193,5.26315789473684,22.8070175438596,0.701754385964912",,slate.com,https://slate.com/technology/2019/07/cloudflare-internet-outage-502-gateway-error.html
20190704,1,,WB_678_DIGITAL_GOVERNMENT;WB_694_BROADCAST_AND_MEDIA;WB_133_INFORMATION_AND_COMMUNICATION_TECHNOLOGIES;MEDIA_SOCIAL;WB_652_ICT_APPLICATIONS;WB_662_SOCIAL_MEDIA;WB_658_ENTERPRISE_APPLICATIONS;TAX_FNCACT;TAX_FNCACT_SPOKESPERSON;WB_2944_SERVERS;WB_671_STORAGE_MANAGEMENT;WB_667_ICT_INFRASTRUCTURE;WB_672_NETWORK_MANAGEMENT;EPU_ECONOMY_HISTORIC;CRISISLEX_C07_SAFETY;SECURITY_SERVICES;WB_696_PUBLIC_SECTOR_MANAGEMENT;WB_840_JUSTICE;WB_1934_CIVILLIAN_POLICE_AND_SECURITY_SERVICES;WB_1014_CRIMINAL_JUSTICE;SHORTAGE;,1#United Kingdom#UK#UK#54#-4#UK;1#Zimbabwe#ZI#ZI#-19#29#ZI,,instagram;cloudflare blames bad software;twitter;facebook,"-6.06060606060606,0.432900432900433,6.49350649350649,6.92640692640693,18.9033189033189,2.74170274170274",,thelogicalindian.com,https://thelogicalindian.com/news/social-media-outage/
20190704,1,,INTERNET_BLACKOUT;AFFECT;TAX_FNCACT;TAX_FNCACT_CTO;,"2#Pennsylvania, United States#US#USPA#40.5773#-77.264#PA;1#United States#US#US#39.828175#-98.5795#US",john graham-cumming,verizon;united states,"-6.09756097560976,1.21951219512195,7.31707317073171,8.53658536585366,13.4146341463415,0",,packtpub.com,https://hub.packtpub.com/cloudflare-suffers-2nd-major-internet-outage-in-a-week-this-time-due-to-globally-deploying-a-rogue-regex-rule/
20190704,1,,SHORTAGE;MEDIA_SOCIAL;TAX_FNCACT;TAX_FNCACT_ENGINEER;,1#United States#US#US#39.828175#-98.5795#US,,instagram;microsoft office;verizon;twitter;facebook,"-4.4811320754717,0.707547169811321,5.18867924528302,5.89622641509434,20.0471698113208,0.471698113207547",856865103,arstechnica.com,https://arstechnica.com/information-technology/2019/07/facebook-cloudflare-microsoft-and-twitter-suffer-outages/
