pub_date,title,section,web_url,trail_text,body_text,source,event,era,origin_file,text_for_analysis,text_length,has_full_text,likely_relevant,vader_compound,vader_pos,vader_neg,vader_neu,tb_polarity,tb_subjectivity
,"A Failure Here, Damaged Fiber There and a Day of Internet Glitches",Business Day,https://www.nytimes.com/2019/07/02/business/cloudflare-google-internet-problems.html,Cloudflare and Google dealt with issues that affected countless sites and users on Tuesday.,"Cloudflare and Google dealt with issues that affected countless sites and users on Tuesday. When a website won’t load, many internet users turn to DownDetector, a site that keeps track of online disruptions, providing frequent updates on the status of the world’s digital infrastructure.",nyt,cloudflare_2019,pre_ai,nyt_cloudflare_2019,"Cloudflare and Google dealt with issues that affected countless sites and users on Tuesday. When a website won’t load, many internet users turn to DownDetector, a site that keeps track of online disruptions, providing frequent updates on the status of the world’s digital infrastructure.",287,True,True,-0.7351,0.0,0.383,0.617,-0.31666666666666665,0.3
,The Week in Business: Facebook Under Pressure and Ozy Media Shuts Down,Business Day,https://www.nytimes.com/2021/10/03/business/the-week-in-business-facebook-ozy-media.html,"Facebook  postponed the start of its “Instagram Kids” product and a  Ozy Media shut down, just five days after a report raised questions about its business strategy. ","Facebook  postponed the start of its “Instagram Kids” product and a  Ozy Media shut down, just five days after a report raised questions about its business strategy.  [Watch the Facebook hearing live.]",nyt,facebook_2021,pre_ai,nyt_facebook_2021_month,"Facebook  postponed the start of its “Instagram Kids” product and a  Ozy Media shut down, just five days after a report raised questions about its business strategy.  [Watch the Facebook hearing live.]",201,True,True,-0.296,0.0,0.167,0.833,-0.15555555555555556,0.2888888888888889
,Whistle-Blower Says Facebook ‘Chooses Profits Over Safety’,Technology,https://www.nytimes.com/2021/10/03/technology/whistle-blower-facebook-frances-haugen.html,"Frances Haugen, a Facebook product manager who left the company in May, revealed that she had provided internal documents to journalists and others.","Frances Haugen, a Facebook product manager who left the company in May, revealed that she had provided internal documents to journalists and others. To hear more audio stories from publications like The New York Times, download Audm for iPhone or Android.",nyt,facebook_2021,pre_ai,nyt_facebook_2021_month,"Frances Haugen, a Facebook product manager who left the company in May, revealed that she had provided internal documents to journalists and others. To hear more audio stories from publications like The New York Times, download Audm for iPhone or Android.",255,True,True,0.4404,0.326,0.0,0.674,0.0,0.0
,Facebook Is Weaker Than We Knew,Technology,https://www.nytimes.com/2021/10/04/technology/facebook-files.html,"A trove of leaked documents, published by The Wall Street Journal, hints at a company whose best days are behind it.","A trove of leaked documents, published by The Wall Street Journal, hints at a company whose best days are behind it. To hear more audio stories from publications like The New York Times, download Audm for iPhone or Android.",nyt,facebook_2021,pre_ai,nyt_facebook_2021_month,"A trove of leaked documents, published by The Wall Street Journal, hints at a company whose best days are behind it. To hear more audio stories from publications like The New York Times, download Audm for iPhone or Android.",223,True,True,-0.4404,0.0,0.367,0.633,0.0,0.0
,"Gone in Minutes, Out for Hours: Outage Shakes Facebook",Technology,https://www.nytimes.com/2021/10/04/technology/facebook-down.html,"When apps used by billions of people worldwide blinked out, lives were disrupted, businesses were cut off from customers — and some Facebook employees were locked out of their offices.","When apps used by billions of people worldwide blinked out, lives were disrupted, businesses were cut off from customers — and some Facebook employees were locked out of their offices. [Watch the Facebook hearing live.]",nyt,facebook_2021,pre_ai,nyt_facebook_2021_month,"When apps used by billions of people worldwide blinked out, lives were disrupted, businesses were cut off from customers — and some Facebook employees were locked out of their offices. [Watch the Facebook hearing live.]",219,True,True,0.0,0.0,0.0,1.0,0.0,0.0
,Users turn to Twitter after Facebook outage. Jokes and venting ensue.,Technology,https://www.nytimes.com/2021/10/04/technology/twitter-facebook-down.html,Twitter appeared to embrace its moment in the spotlight.,Twitter appeared to embrace its moment in the spotlight. [Watch the Facebook hearing live.],nyt,facebook_2021,pre_ai,nyt_facebook_2021_month,Twitter appeared to embrace its moment in the spotlight. [Watch the Facebook hearing live.],91,False,True,0.25,0.167,0.0,0.833,0.0,0.0
,Your Tuesday Briefing,Briefing,https://www.nytimes.com/2021/10/05/briefing/facebook-outage-new-zealand-covid.html,A lengthy outage shakes Facebook and its apps.,"A lengthy outage shakes Facebook and its apps. Facebook and its family of apps, including Messenger, Instagram and WhatsApp, were inaccessible for over five hours yesterday, taking out a vital communications platform used by billions and showcasing just how dependent the world has become on a company that is under intense scrutiny.",nyt,facebook_2021,pre_ai,nyt_facebook_2021_month,"A lengthy outage shakes Facebook and its apps. Facebook and its family of apps, including Messenger, Instagram and WhatsApp, were inaccessible for over five hours yesterday, taking out a vital communications platform used by billions and showcasing just how dependent the world has become on a company that is under intense scrutiny.",333,True,True,0.0,0.0,0.0,1.0,0.0,0.0
,Stephen Colbert Kicks Facebook While It’s Down,Arts,https://www.nytimes.com/2021/10/05/arts/television/stephen-colbert-kicks-facebook-while-its-down.html,"“As the panic grew, Facebook did not say what might be causing the outage. Now, I’m no computer expert, but my theory is a just god?” Colbert joked.","“As the panic grew, Facebook did not say what might be causing the outage. Now, I’m no computer expert, but my theory is a just god?” Colbert joked. Welcome to Best of Late Night, a rundown of the previous night’s highlights that lets you sleep — and lets us get paid to watch comedy. Here are the 50 best movies on Netflix right now.",nyt,facebook_2021,pre_ai,nyt_facebook_2021_month,"“As the panic grew, Facebook did not say what might be causing the outage. Now, I’m no computer expert, but my theory is a just god?” Colbert joked. Welcome to Best of Late Night, a rundown of the previous night’s highlights that lets you sleep — and lets us get paid to watch comedy. Here are the 50 best movies on Netflix right now.",334,True,True,0.0,0.0,0.0,1.0,-0.15555555555555556,0.2888888888888889
,Facebook’s Apps Went Down. The World Saw How Much It Runs on Them.,Technology,https://www.nytimes.com/2021/10/05/technology/facebook-down-ig-down-whatsapp-down.html,"The outage disrupted the digital lives of small-business owners, politicians, aid workers and others. But for some, it was a welcome reprieve.","The outage disrupted the digital lives of small-business owners, politicians, aid workers and others. But for some, it was a welcome reprieve. For more than five hours on Monday, the world got a taste of life without Facebook and its apps.",nyt,facebook_2021,pre_ai,nyt_facebook_2021_month,"The outage disrupted the digital lives of small-business owners, politicians, aid workers and others. But for some, it was a welcome reprieve. For more than five hours on Monday, the world got a taste of life without Facebook and its apps.",239,True,True,0.0,0.0,0.0,1.0,0.022222222222222227,0.24444444444444446
,Going Down,Business Day,https://www.nytimes.com/2021/10/05/business/dealbook/facebook-down.html,Prolonged outages of Facebook apps marked another bad day for the social media giant.,Prolonged outages of Facebook apps marked another bad day for the social media giant. [Watch the Facebook hearing live.],nyt,facebook_2021,pre_ai,nyt_facebook_2021_month,Prolonged outages of Facebook apps marked another bad day for the social media giant. [Watch the Facebook hearing live.],120,False,True,0.0,0.0,0.0,1.0,-0.15555555555555556,0.2888888888888889
,Facebook’s outage frustrates advertisers heading into the holiday season.,Business Day,https://www.nytimes.com/2021/10/05/business/media/facebook-outage-advertisers.html,"“There may be heads on pikes by the end of this,” one agency executive said.","“There may be heads on pikes by the end of this,” one agency executive said. For more than five hours on Monday, while Facebook and Instagram were dark, David Herrmann fretted about ads.",nyt,facebook_2021,pre_ai,nyt_facebook_2021_month,"“There may be heads on pikes by the end of this,” one agency executive said. For more than five hours on Monday, while Facebook and Instagram were dark, David Herrmann fretted about ads.",186,False,True,-0.0516,0.214,0.23,0.556,0.0,0.0
,Facebook says its outage was caused by a cascade of errors.,Technology,https://www.nytimes.com/2021/10/05/technology/facebook-outage-cause.html,"For more than five hours, the company’s family of apps, including Instagram and WhatsApp, were unavailable to the billions who use them.","For more than five hours, the company’s family of apps, including Instagram and WhatsApp, were unavailable to the billions who use them. A cascade of mistakes made during maintenance on Facebook’s network caused the outage that took its services offline Monday, the company said in a blog post published on Tuesday.",nyt,facebook_2021,pre_ai,nyt_facebook_2021_month,"For more than five hours, the company’s family of apps, including Instagram and WhatsApp, were unavailable to the billions who use them. A cascade of mistakes made during maintenance on Facebook’s network caused the outage that took its services offline Monday, the company said in a blog post published on Tuesday.",315,True,True,-0.34,0.0,0.194,0.806,0.0,0.0
,Facebook Was Down for a Few Hours. Should It Go Away Forever?,Opinion,https://www.nytimes.com/2021/10/05/opinion/facebook-whatsapp-instagram.html,Leaked internal documents show that the world’s dependency on Facebook and its family of apps comes at a great cost.,Leaked internal documents show that the world’s dependency on Facebook and its family of apps comes at a great cost. This article is part of the Debatable newsletter. You can sign up here to receive it on Tuesdays and Thursdays.,nyt,facebook_2021,pre_ai,nyt_facebook_2021_month,Leaked internal documents show that the world’s dependency on Facebook and its family of apps comes at a great cost. This article is part of the Debatable newsletter. You can sign up here to receive it on Tuesdays and Thursdays.,228,True,True,0.0,0.0,0.0,1.0,-0.17777777777777778,0.19444444444444448
,Facebook Outage,The Learning Network,https://www.nytimes.com/2021/10/06/learning/facebook-outage.html,"How were you and the people you know affected when Facebook, Instagram and WhatsApp were inaccessible for hours this week?","How were you and the people you know affected when Facebook, Instagram and WhatsApp were inaccessible for hours this week? “Facebook and its family of apps, including Instagram and WhatsApp, were inaccessible for hours on Monday, taking out a vital communications platform used by billions and showcasing just how dependent the world has become on a company that is under intense scrutiny,” writes The Times.",nyt,facebook_2021,pre_ai,nyt_facebook_2021_month,"How were you and the people you know affected when Facebook, Instagram and WhatsApp were inaccessible for hours this week? “Facebook and its family of apps, including Instagram and WhatsApp, were inaccessible for hours on Monday, taking out a vital communications platform used by billions and showcasing just how dependent the world has become on a company that is under intense scrutiny,” writes The Times.",408,True,True,0.0,0.0,0.0,1.0,0.0,0.0
,Seth Meyers Breaks Down Facebook’s Very Bad Week,Arts,https://www.nytimes.com/2021/10/07/arts/television/seth-meyers-facebook-whistleblower.html,"“It’s the kind of week you normally post about on Facebook,” Meyers said on Wednesday night.","“It’s the kind of week you normally post about on Facebook,” Meyers said on Wednesday night. Welcome to Best of Late Night, a rundown of the previous night’s highlights that lets you sleep — and lets us get paid to watch comedy. Here are the 50 best movies on Netflix right now.",nyt,facebook_2021,pre_ai,nyt_facebook_2021_month,"“It’s the kind of week you normally post about on Facebook,” Meyers said on Wednesday night. Welcome to Best of Late Night, a rundown of the previous night’s highlights that lets you sleep — and lets us get paid to watch comedy. Here are the 50 best movies on Netflix right now.",278,True,True,-0.5849,0.0,0.351,0.649,-0.5327777777777777,0.5777777777777778
,Facebook and its apps suffer another outage.,Technology,https://www.nytimes.com/2021/10/08/technology/facebook-whatsapp-instagram-down.html,"All of Facebook’s main products — Instagram, WhatsApp, Messenger and the “big blue app” of Facebook — were inaccessible to at least some users around 3 p.m. Eastern time.","All of Facebook’s main products — Instagram, WhatsApp, Messenger and the “big blue app” of Facebook — were inaccessible to at least some users around 3 p.m. Eastern time. SAN FRANCISCO — Facebook and its family of apps were inaccessible for about two hours on Friday afternoon, the second time in a week that the social network experienced widespread problems with its services.",nyt,facebook_2021,pre_ai,nyt_facebook_2021_month,"All of Facebook’s main products — Instagram, WhatsApp, Messenger and the “big blue app” of Facebook — were inaccessible to at least some users around 3 p.m. Eastern time. SAN FRANCISCO — Facebook and its family of apps were inaccessible for about two hours on Friday afternoon, the second time in a week that the social network experienced widespread problems with its services.",378,True,True,-0.5423,0.0,0.368,0.632,0.0,0.0
,The Week in Business: Facebook’s Rough Stretch,Business Day,https://www.nytimes.com/2021/10/10/business/the-week-in-business-facebook-outage-whistleblower.html,Facebook faced both an outage and a whistle-blower. Lawmakers reached a compromise on raising the debt ceiling. And the latest number on inflation is coming this week.,"Facebook faced both an outage and a whistle-blower. Lawmakers reached a compromise on raising the debt ceiling. And the latest number on inflation is coming this week. Facebook had a tough week. On Monday, the company’s family of apps, including Instagram, WhatsApp and Messenger, went down for more than five hours, disrupting communication for the billions of people and many advertisers who rely on them. (The company said several errors made during maintenance caused the outage). In an interview on “60 Minutes” on Sunday and in testimony at a Senate hearing on Tuesday, Frances Haugen, a former product manager at the company, talked about what she believes is a need for more oversight of the social media giant. Ms. Haugen said that Facebook had purposefully hidden research showing its products’ negative impact on teenagers and was willing to promote harmful content because it caused users to spend more time on the site. She has also spoken with top policymakers in Brussels, Britain and France. Mark Zuckerberg, Facebook’s chief executive, rebutted the claims in a note to employees, saying the company’s research had been taken out of context.",nyt,facebook_2021,pre_ai,nyt_facebook_2021_month,"Facebook faced both an outage and a whistle-blower. Lawmakers reached a compromise on raising the debt ceiling. And the latest number on inflation is coming this week. Facebook had a tough week. On Monday, the company’s family of apps, including Instagram, WhatsApp and Messenger, went down for more than five hours, disrupting communication for the billions of people and many advertisers who rely on them. (The company said several errors made during maintenance caused the outage). In an interview on “60 Minutes” on Sunday and in testimony at a Senate hearing on Tuesday, Frances Haugen, a former product manager at the company, talked about what she believes is a need for more oversight of the social media giant. Ms. Haugen said that Facebook had purposefully hidden research showing its products’ negative impact on teenagers and was willing to promote harmful content because it caused users to spend more time on the site. She has also spoken with top policymakers in Brussels, Britain and France. Mark Zuckerberg, Facebook’s chief executive, rebutted the claims in a note to employees, saying the company’s research had been taken out of context.",1157,True,True,0.0,0.0,0.0,1.0,-0.1,0.4
,Facebook clamps down on its internal message boards.,Technology,https://www.nytimes.com/2021/10/13/technology/facebook-workplace-transparency-leaks.html,"The social network, which has been under increased scrutiny after a former product manager turned into a whistle-blower, is trying to prevent leaks.","The social network, which has been under increased scrutiny after a former product manager turned into a whistle-blower, is trying to prevent leaks. Facebook told employees on Tuesday that it was making some of its internal online discussion groups private, in an effort to minimize leaks.",nyt,facebook_2021,pre_ai,nyt_facebook_2021_month,"The social network, which has been under increased scrutiny after a former product manager turned into a whistle-blower, is trying to prevent leaks. Facebook told employees on Tuesday that it was making some of its internal online discussion groups private, in an effort to minimize leaks.",289,True,True,0.0,0.0,0.0,1.0,-0.07777777777777778,0.14444444444444446
,Is Mark Zuckerberg a Man Without Principles?,Opinion,https://www.nytimes.com/2021/10/18/opinion/sway-kara-swisher-walt-mossberg.html,The veteran tech journalist Walt Mossberg unpacks the Facebook Files with historical context and personal anecdotes.,"The veteran tech journalist Walt Mossberg unpacks the Facebook Files with historical context and personal anecdotes. After leaked internal documents in The Wall Street Journal, whistle-blower testimony on Capitol Hill, a global server outage and drops in share price, Facebook has recently taken (another) spectacular beating. But the veteran tech journalist Walt Mossberg says none of it has been a surprise. A longtime friend and mentor of Kara Swisher, he tells her, “I think the company is fundamentally unethical.” And, drawing on his experience covering controversial leaders, including Steve Jobs and Bill Gates (as he calls them, “the old guard”), Mossberg says the Facebook C.E.O. is still an aberration: “In my encounters with Mark Zuckerberg, I’ve never been able to discover any principles.”",nyt,facebook_2021,pre_ai,nyt_facebook_2021_month,"The veteran tech journalist Walt Mossberg unpacks the Facebook Files with historical context and personal anecdotes. After leaked internal documents in The Wall Street Journal, whistle-blower testimony on Capitol Hill, a global server outage and drops in share price, Facebook has recently taken (another) spectacular beating. But the veteran tech journalist Walt Mossberg says none of it has been a surprise. A longtime friend and mentor of Kara Swisher, he tells her, “I think the company is fundamentally unethical.” And, drawing on his experience covering controversial leaders, including Steve Jobs and Bill Gates (as he calls them, “the old guard”), Mossberg says the Facebook C.E.O. is still an aberration: “In my encounters with Mark Zuckerberg, I’ve never been able to discover any principles.”",803,True,True,0.0,0.0,0.0,1.0,0.0,0.0
,Late Night Suggests a Few New Names for Facebook,Arts,https://www.nytimes.com/2021/10/21/arts/television/stephen-colbert-facebook-name.html,Stephen Colbert proposed names like “Aunt Brenda’s Three-Paragraph Rant-a-torium” or “Best Fun Times America Website.”,"Stephen Colbert proposed names like “Aunt Brenda’s Three-Paragraph Rant-a-torium” or “Best Fun Times America Website.” Welcome to Best of Late Night, a rundown of the previous night’s highlights that lets you sleep — and lets us get paid to watch comedy. Here are the 50 best movies on Netflix right now.",nyt,facebook_2021,pre_ai,nyt_facebook_2021_month,"Stephen Colbert proposed names like “Aunt Brenda’s Three-Paragraph Rant-a-torium” or “Best Fun Times America Website.” Welcome to Best of Late Night, a rundown of the previous night’s highlights that lets you sleep — and lets us get paid to watch comedy. Here are the 50 best movies on Netflix right now.",304,True,True,0.0,0.0,0.0,1.0,-0.12121212121212122,0.38484848484848483
,Jimmy Kimmel Misses the Old Facebook,Arts,https://www.nytimes.com/2021/10/27/arts/television/jimmy-kimmel-facebook.html,Kimmel reminisced about the days when the social media app was “just a safe place to lose your house in a pyramid scheme.”,"Kimmel reminisced about the days when the social media app was “just a safe place to lose your house in a pyramid scheme.” Welcome to Best of Late Night, a rundown of the previous night’s highlights that lets you sleep — and lets us get paid to watch comedy. Here are the 50 best movies on Netflix right now.",nyt,facebook_2021,pre_ai,nyt_facebook_2021_month,"Kimmel reminisced about the days when the social media app was “just a safe place to lose your house in a pyramid scheme.” Welcome to Best of Late Night, a rundown of the previous night’s highlights that lets you sleep — and lets us get paid to watch comedy. Here are the 50 best movies on Netflix right now.",308,True,True,-0.2263,0.0,0.275,0.725,0.1,0.2
,Facebook Is Bad. Fixing It Rashly Could Make It Much Worse.,Opinion,https://www.nytimes.com/2021/10/27/opinion/facebook-regulation-section-230.html,Lawmakers should proceed cautiously when altering the rules governing the internet.,"Lawmakers should proceed cautiously when altering the rules governing the internet. The nicest thing you can say about the Health Misinformation Act, proposed in July by the Democratic senators Amy Klobuchar and Ben Ray Luján, is that it means well. The internet has been a key accelerant of widespread myths, misunderstandings and lies related to Covid-19; Klobuchar and Luján’s bill would force online companies like Facebook to crack down on false information during public health emergencies, or lose immunity from lawsuits if they don’t.",nyt,facebook_2021,pre_ai,nyt_facebook_2021_month,"Lawmakers should proceed cautiously when altering the rules governing the internet. The nicest thing you can say about the Health Misinformation Act, proposed in July by the Democratic senators Amy Klobuchar and Ben Ray Luján, is that it means well. The internet has been a key accelerant of widespread myths, misunderstandings and lies related to Covid-19; Klobuchar and Luján’s bill would force online companies like Facebook to crack down on false information during public health emergencies, or lose immunity from lawsuits if they don’t.",542,True,True,-0.765,0.0,0.423,0.577,-0.5499999999999999,0.6333333333333333
,Cloudflare Says It Has Resolved Outage That Disrupted Parts of the Internet,Business,https://www.nytimes.com/2025/11/18/business/cloudflare-down-challenges-error.html,"Services from Cloudflare, a software company, underpin thousands of websites, including X, Spotify and OpenAI. The company said a crash in a software system was to blame.","Services from Cloudflare, a software company, underpin thousands of websites, including X, Spotify and OpenAI. The company said a crash in a software system was to blame.",nyt,cloudflare_2025,post_ai,nyt_cloudflare_2025,"Services from Cloudflare, a software company, underpin thousands of websites, including X, Spotify and OpenAI. The company said a crash in a software system was to blame.",170,False,True,0.1779,0.134,0.0,0.866,0.0,0.0
,Here’s what to know about the outages.,U.S.,https://www.nytimes.com/live/2024/07/19/business/global-tech-outage/crowdstrike-outage-flights-banks,"Airlines, banks and broadcasters reported disruptions, citing technical issues.","Airlines, banks and broadcasters reported disruptions, citing technical issues.",nyt,crowdstrike_2024,post_ai,nyt_crowdstrike_2024,"Airlines, banks and broadcasters reported disruptions, citing technical issues.",79,False,True,0.0,0.0,0.0,1.0,0.0,0.0
,Airlines Restart Flights but Disruptions are Expected to Persist,Travel,https://www.nytimes.com/2024/07/19/travel/tech-outage-us-airlines-ground-stops.html,"Planes began taking off again Friday morning after a big tech outage, but it will take airlines a while to get stranded passengers to their destinations.","Planes began taking off again Friday morning after a big tech outage, but it will take airlines a while to get stranded passengers to their destinations.",nyt,crowdstrike_2024,post_ai,nyt_crowdstrike_2024,"Planes began taking off again Friday morning after a big tech outage, but it will take airlines a while to get stranded passengers to their destinations.",153,False,True,-0.4767,0.0,0.279,0.721,-0.1,0.4
,Chaos and Confusion: Tech Outage Causes Disruptions Worldwide,Business,https://www.nytimes.com/2024/07/19/business/microsoft-outage-cause-azure-crowdstrike.html,"Airlines, hospitals and people’s computers were affected after CrowdStrike, a cybersecurity company, sent out a flawed software update.","Airlines, hospitals and people’s computers were affected after CrowdStrike, a cybersecurity company, sent out a flawed software update.",nyt,crowdstrike_2024,post_ai,nyt_crowdstrike_2024,"Airlines, hospitals and people’s computers were affected after CrowdStrike, a cybersecurity company, sent out a flawed software update.",135,False,True,-0.8074,0.0,0.624,0.376,0.0,0.0
,What We Know About the Global Microsoft Outage,Technology,https://www.nytimes.com/2024/07/19/technology/microsoft-crowdstrike-outage-what-happened.html,Airlines to banks to retailers were affected in many countries. Businesses are struggling to recover.,Airlines to banks to retailers were affected in many countries. Businesses are struggling to recover.,nyt,crowdstrike_2024,post_ai,nyt_crowdstrike_2024,Airlines to banks to retailers were affected in many countries. Businesses are struggling to recover.,101,False,True,0.0,0.0,0.0,1.0,0.0,0.0
,Counting the Costs of a Global IT Outage,Business,https://www.nytimes.com/2024/07/19/business/dealbook/tech-outage-crowdstrike-microsoft.html,"A “historic” tech failure alarmed investors, after a security update caused problems for Microsoft devices and services, and took down businesses worldwide.","A “historic” tech failure alarmed investors, after a security update caused problems for Microsoft devices and services, and took down businesses worldwide.",nyt,crowdstrike_2024,post_ai,nyt_crowdstrike_2024,"A “historic” tech failure alarmed investors, after a security update caused problems for Microsoft devices and services, and took down businesses worldwide.",156,False,True,0.0,0.0,0.0,1.0,0.0,0.0
,"Banks were hit with short-lived glitches, but trading in the U.S. began as expected.",Business,https://www.nytimes.com/live/2024/07/19/business/global-tech-outage/global-it-outage-banks-trading-stocks,Some financial transactions were delayed as bankers around the world rushed to find workarounds.,Some financial transactions were delayed as bankers around the world rushed to find workarounds.,nyt,crowdstrike_2024,post_ai,nyt_crowdstrike_2024,Some financial transactions were delayed as bankers around the world rushed to find workarounds.,96,False,True,0.0,0.0,0.0,1.0,-0.1,0.4
,Traveling Today? What You Need to Know About the Global Tech Outage.,Travel,https://www.nytimes.com/2024/07/19/travel/crowdstrike-outage-flight-delays-airports.html,"While service is slowly recovering, flights are still being canceled and delays can stretch for hours. Here’s the latest on airlines, airports and cruises, as well as your rights and how to reach customer service.","While service is slowly recovering, flights are still being canceled and delays can stretch for hours. Here’s the latest on airlines, airports and cruises, as well as your rights and how to reach customer service.",nyt,crowdstrike_2024,post_ai,nyt_crowdstrike_2024,"While service is slowly recovering, flights are still being canceled and delays can stretch for hours. Here’s the latest on airlines, airports and cruises, as well as your rights and how to reach customer service.",213,True,True,0.0,0.0,0.0,1.0,0.0,0.0
,911 Systems Disrupted in at Least 3 States,Business,https://www.nytimes.com/2024/07/19/business/emergency-911-calls-tech-outage.html,"Emergency call lines were operating in most major cities, but the authorities in Oregon, Alaska and Arizona said some of their systems had been hit by the outage.","Emergency call lines were operating in most major cities, but the authorities in Oregon, Alaska and Arizona said some of their systems had been hit by the outage.",nyt,crowdstrike_2024,post_ai,nyt_crowdstrike_2024,"Emergency call lines were operating in most major cities, but the authorities in Oregon, Alaska and Arizona said some of their systems had been hit by the outage.",162,False,True,0.0,0.0,0.0,1.0,-0.3,0.4
,What to Do if Your Computer Is Affected by the Microsoft Outage,Business,https://www.nytimes.com/2024/07/19/business/fix-computer-microsoft-crowdstrike-outage.html,"A massive outage related to a security update by CrowdStrike, a cybersecurity company, crippled airlines and other businesses on Friday.","A massive outage related to a security update by CrowdStrike, a cybersecurity company, crippled airlines and other businesses on Friday.",nyt,crowdstrike_2024,post_ai,nyt_crowdstrike_2024,"A massive outage related to a security update by CrowdStrike, a cybersecurity company, crippled airlines and other businesses on Friday.",136,False,True,-0.1531,0.0,0.127,0.873,0.0,0.0
,Hospitals Cancel Nonessential Surgeries After Global Technology Outage,Business,https://www.nytimes.com/2024/07/19/business/hospitals-cancel-nonessential-surgeries-global-technology-outage.html,Hospital systems across the country reported I.T. disruptions. A spokesman for Kaiser Permanente called the situation “unprecedented.”,Hospital systems across the country reported I.T. disruptions. A spokesman for Kaiser Permanente called the situation “unprecedented.”,nyt,crowdstrike_2024,post_ai,nyt_crowdstrike_2024,Hospital systems across the country reported I.T. disruptions. A spokesman for Kaiser Permanente called the situation “unprecedented.”,134,False,True,-0.25,0.0,0.222,0.778,0.0,0.0
,How a Software Update Crashed Computers Around the World,Technology,https://www.nytimes.com/interactive/2024/07/19/technology/crowdstrike-outage-explained.html,Here’s a visual explanation for how a faulty software update crippled machines.,Here’s a visual explanation for how a faulty software update crippled machines.,nyt,crowdstrike_2024,post_ai,nyt_crowdstrike_2024,Here’s a visual explanation for how a faulty software update crippled machines.,79,False,True,0.0,0.0,0.0,1.0,0.0,0.0
,Corporate Workers Get a Snow Day in July Because of Outage,Business,https://www.nytimes.com/2024/07/19/business/crowdstrike-microsoft-outage-corporate-workers.html,“Happy international blue screen day.”,“Happy international blue screen day.”,nyt,crowdstrike_2024,post_ai,nyt_crowdstrike_2024,“Happy international blue screen day.”,38,False,True,0.0,0.0,0.0,1.0,0.0,0.0
,A Tech Outage Caused Disruptions Worldwide,Briefing,https://www.nytimes.com/2024/07/19/briefing/tech-outage-worldwide-biden-next-move.html,"Also, Biden vowed to press on as more allies said he should quit. Here’s the latest at the end of Friday.","Also, Biden vowed to press on as more allies said he should quit. Here’s the latest at the end of Friday.",nyt,crowdstrike_2024,post_ai,nyt_crowdstrike_2024,"Also, Biden vowed to press on as more allies said he should quit. Here’s the latest at the end of Friday.",105,False,True,-0.34,0.0,0.324,0.676,0.0,0.0
,"When Tech Fails, It Is Usually With a Whimper Instead of a Bang",Technology,https://www.nytimes.com/2024/07/20/technology/crowdstrike-microsoft-outage-software.html,"While in some corners of Silicon Valley people worry about the risks of A.I., a simple failed software update caused a worldwide outage.","While in some corners of Silicon Valley people worry about the risks of A.I., a simple failed software update caused a worldwide outage.",nyt,crowdstrike_2024,post_ai,nyt_crowdstrike_2024,"While in some corners of Silicon Valley people worry about the risks of A.I., a simple failed software update caused a worldwide outage.",136,False,True,-0.4215,0.0,0.189,0.811,-0.375,0.275
,Flight Delays and Cancellations Continue Saturday but in Lower Numbers,Business,https://www.nytimes.com/2024/07/20/business/tech-outage-flight-delays-cancellations.html,"An estimated 3,400 flights to, from and within the United States were canceled on Friday because of a tech outage. That made it the worst day of the year for flight cancellations.","An estimated 3,400 flights to, from and within the United States were canceled on Friday because of a tech outage. That made it the worst day of the year for flight cancellations.",nyt,crowdstrike_2024,post_ai,nyt_crowdstrike_2024,"An estimated 3,400 flights to, from and within the United States were canceled on Friday because of a tech outage. That made it the worst day of the year for flight cancellations.",179,False,True,-0.4215,0.0,0.237,0.763,0.0,0.0
,How to Guard Against Scams Tied to the CrowdStrike Crash,Business,https://www.nytimes.com/2024/07/20/business/crowdstrike-tech-outage-scams.html,"People posing as airline customer service representatives may be making fraudulent attempts to access your money or private data, experts warn.","People posing as airline customer service representatives may be making fraudulent attempts to access your money or private data, experts warn.",nyt,crowdstrike_2024,post_ai,nyt_crowdstrike_2024,"People posing as airline customer service representatives may be making fraudulent attempts to access your money or private data, experts warn.",143,False,True,-0.7579,0.0,0.448,0.552,0.0,0.0
,Delta Cancels More Flights as It Struggles to Recover From Tech Outage,Business,https://www.nytimes.com/2024/07/22/business/delta-global-tech-outage-pete-buttigieg.html,Transportation Secretary Pete Buttigieg singled out the airline on Sunday for ongoing disruptions and “unacceptable” customer service as it continued to cancel flights.,Transportation Secretary Pete Buttigieg singled out the airline on Sunday for ongoing disruptions and “unacceptable” customer service as it continued to cancel flights.,nyt,crowdstrike_2024,post_ai,nyt_crowdstrike_2024,Transportation Secretary Pete Buttigieg singled out the airline on Sunday for ongoing disruptions and “unacceptable” customer service as it continued to cancel flights.,168,False,True,-0.5267,0.0,0.306,0.694,0.5,0.5
,Congress Calls for Tech Outage Hearing to Grill CrowdStrike C.E.O.,Technology,https://www.nytimes.com/2024/07/22/technology/crowdstrike-outage-congress-hearing.html,The House Homeland Security Committee called on the chief executive of the cybersecurity firm to testify on the disruption.,The House Homeland Security Committee called on the chief executive of the cybersecurity firm to testify on the disruption.,nyt,crowdstrike_2024,post_ai,nyt_crowdstrike_2024,The House Homeland Security Committee called on the chief executive of the cybersecurity firm to testify on the disruption.,123,False,True,0.0,0.0,0.0,1.0,0.0,0.0
,Caught in the CrowdStrike Outage? Here’s How to Get Refunds.,Travel,https://www.nytimes.com/2024/07/23/travel/crowdstrike-tech-outage-flight-compensation.html,"Air travelers paying for last-minute lodging and other expenses are entitled to be reimbursed if their flight was impacted by an event in the airline’s control, like the CrowdStrike failure. Here’s how to get your money back.","Air travelers paying for last-minute lodging and other expenses are entitled to be reimbursed if their flight was impacted by an event in the airline’s control, like the CrowdStrike failure. Here’s how to get your money back.",nyt,crowdstrike_2024,post_ai,nyt_crowdstrike_2024,"Air travelers paying for last-minute lodging and other expenses are entitled to be reimbursed if their flight was impacted by an event in the airline’s control, like the CrowdStrike failure. Here’s how to get your money back.",225,True,True,0.0,0.0,0.0,1.0,0.0,0.0
,Travelers Delayed or Stuck by the CrowdStrike Outage: What Did Your Airline Provide?,Travel,https://www.nytimes.com/2024/07/23/travel/outage-airlines-vouchers-hotel-refund.html,"The flight disruptions brought on by the global I.T. failure were deemed within the control of the airlines, meaning airlines have to reimburse passengers for meals, transportation and hotels. Did your carrier live up to the requirement?","The flight disruptions brought on by the global I.T. failure were deemed within the control of the airlines, meaning airlines have to reimburse passengers for meals, transportation and hotels. Did your carrier live up to the requirement?",nyt,crowdstrike_2024,post_ai,nyt_crowdstrike_2024,"The flight disruptions brought on by the global I.T. failure were deemed within the control of the airlines, meaning airlines have to reimburse passengers for meals, transportation and hotels. Did your carrier live up to the requirement?",237,True,True,-0.4404,0.0,0.262,0.738,0.0,0.0
,The Market Meltdown Intensifies,Business,https://www.nytimes.com/2024/08/05/business/dealbook/stocks-bitcoin-markets-meltdown.html,"Fears of a hard landing are rocking global stocks again as stocks, oil and cryptocurrencies sell off.","Fears of a hard landing are rocking global stocks again as stocks, oil and cryptocurrencies sell off.",nyt,crowdstrike_2024,post_ai,nyt_crowdstrike_2024,"Fears of a hard landing are rocking global stocks again as stocks, oil and cryptocurrencies sell off.",101,False,True,0.0,0.0,0.0,1.0,0.0,0.0
,CrowdStrike Hits Back in Heated Spat With Delta Over Global Tech Outage,Business,https://www.nytimes.com/2024/08/05/business/dealbook/crowdstrike-delta-tech-outage.html,The cybersecurity company said the airline should take the blame after it struggled to rebound from a software outage that caused disruptions worldwide.,The cybersecurity company said the airline should take the blame after it struggled to rebound from a software outage that caused disruptions worldwide.,nyt,crowdstrike_2024,post_ai,nyt_crowdstrike_2024,The cybersecurity company said the airline should take the blame after it struggled to rebound from a software outage that caused disruptions worldwide.,152,False,True,0.0,0.0,0.0,1.0,0.0,0.0
,Microsoft Says Delta Was Largely Responsible for Flight Cancellations,Business,https://www.nytimes.com/2024/08/06/business/microsoft-delta-flight-cancellations-outage.html,The software company said in a letter that Delta Air Lines had falsely blamed Microsoft for its decision to cancel thousands of flights after a tech outage.,The software company said in a letter that Delta Air Lines had falsely blamed Microsoft for its decision to cancel thousands of flights after a tech outage.,nyt,crowdstrike_2024,post_ai,nyt_crowdstrike_2024,The software company said in a letter that Delta Air Lines had falsely blamed Microsoft for its decision to cancel thousands of flights after a tech outage.,156,False,True,0.3182,0.223,0.0,0.777,0.2,0.55
,"Stranded in the CrowdStrike Meltdown: ‘No Hotel, No Food, No Assistance’",Travel,https://www.nytimes.com/2024/09/13/travel/crowdstrike-outage-delta-airlines.html,"Airlines pledged assistance, refunds and reimbursements to passengers whose travel had been disrupted by this summer’s software outage. Instead, passengers told us, they were on their own.","Airlines pledged assistance, refunds and reimbursements to passengers whose travel had been disrupted by this summer’s software outage. Instead, passengers told us, they were on their own.",nyt,crowdstrike_2024,post_ai,nyt_crowdstrike_2024,"Airlines pledged assistance, refunds and reimbursements to passengers whose travel had been disrupted by this summer’s software outage. Instead, passengers told us, they were on their own.",188,False,True,-0.0803,0.144,0.168,0.688,0.0,0.0
,Amazon Outage Forces Hundreds of Websites Offline for Hours,Business,https://www.nytimes.com/2025/10/20/business/aws-down-internet-outage.html,"Amazon Web Services, a major provider of cloud services, cited a problem at its data center in Northern Virginia. The outage highlighted the fragility of global internet infrastructure.","Amazon Web Services, a major provider of cloud services, cited a problem at its data center in Northern Virginia. The outage highlighted the fragility of global internet infrastructure.",nyt,aws_2025,post_ai,nyt_aws_2025,"Amazon Web Services, a major provider of cloud services, cited a problem at its data center in Northern Virginia. The outage highlighted the fragility of global internet infrastructure.",185,False,True,0.0516,0.167,0.147,0.686,0.0,0.0
,What Is Amazon Web Services?,Business,https://www.nytimes.com/2025/10/20/business/amazon-web-services-aws-down-what.html,"The cloud-computing division of the internet giant is used by thousands of internet customers, many of whom reported disruptions on Monday.","The cloud-computing division of the internet giant is used by thousands of internet customers, many of whom reported disruptions on Monday.",nyt,aws_2025,post_ai,nyt_aws_2025,"The cloud-computing division of the internet giant is used by thousands of internet customers, many of whom reported disruptions on Monday.",139,False,True,0.1779,0.298,0.0,0.702,0.0,0.0
,The Showdown Behind the Shutdown,Business,https://www.nytimes.com/2025/10/20/business/dealbook/health-care-shutdown.html,"Extending subsidies for the Affordable Care Act has emerged as a major sticking point in Washington, and could carry the biggest economic consequences.","Extending subsidies for the Affordable Care Act has emerged as a major sticking point in Washington, and could carry the biggest economic consequences.",nyt,aws_2025,post_ai,nyt_aws_2025,"Extending subsidies for the Affordable Care Act has emerged as a major sticking point in Washington, and could carry the biggest economic consequences.",151,False,True,0.0,0.0,0.0,1.0,-0.4,0.7
,"U.S. Health Workers Recalled From Shutdown Furlough for Medicare, A.C.A. Enrollments",Health,https://www.nytimes.com/2025/10/23/health/medicare-obamacre-federal-workers-furlough-shutdown.html,"An estimated 3,000 employees seem to be affected. The federal agency said the return to work would occur Monday, with the costs paid by user fees collected from researchers.","An estimated 3,000 employees seem to be affected. The federal agency said the return to work would occur Monday, with the costs paid by user fees collected from researchers.",nyt,aws_2025,post_ai,nyt_aws_2025,"An estimated 3,000 employees seem to be affected. The federal agency said the return to work would occur Monday, with the costs paid by user fees collected from researchers.",173,False,True,0.0,0.0,0.0,1.0,0.0,0.0
,Smart Beds Helped Them Sleep on a Cloud. Then the Cloud Crashed.,Business,https://www.nytimes.com/2025/10/24/business/amazon-aws-outage-eight-sleep-mattress.html,The widespread outage involving the cloud-computing provider Amazon Web Services ensnared unexpected consumers earlier this week: people who just wanted a good night’s sleep.,The widespread outage involving the cloud-computing provider Amazon Web Services ensnared unexpected consumers earlier this week: people who just wanted a good night’s sleep.,nyt,aws_2025,post_ai,nyt_aws_2025,The widespread outage involving the cloud-computing provider Amazon Web Services ensnared unexpected consumers earlier this week: people who just wanted a good night’s sleep.,174,False,True,0.4019,0.197,0.0,0.803,0.21428571428571427,0.6428571428571429
